{
  "name": "files/w.png",
  "bucket": "theserviceman-5d308.appspot.com",
  "contentType": "image/png",
  "metageneration": 1,
  "generation": 1654283217533,
  "storageClass": "STANDARD",
  "contentDisposition": "inline",
  "cacheControl": "public, max-age=3600",
  "contentEncoding": "identity",
  "downloadTokens": [
    "f5469603-c413-4953-9472-9dba8f0ca662"
  ],
  "etag": "QENxSD0FDz9fJubQiI54F7jTPRA",
  "timeCreated": "2022-06-03T19:06:57.532Z",
  "updated": "2022-06-03T19:06:57.532Z",
  "size": 22026,
  "md5Hash": "T2EStctvorX57aZu8pfZCg==",
  "crc32c": "2084799620"
}