{
  "name": "files/q.png",
  "bucket": "theserviceman-5d308.appspot.com",
  "contentType": "image/png",
  "metageneration": 1,
  "generation": 1654282685972,
  "storageClass": "STANDARD",
  "contentDisposition": "inline",
  "cacheControl": "public, max-age=3600",
  "contentEncoding": "identity",
  "downloadTokens": [
    "d700dae8-c114-4c84-9072-9c104e311570"
  ],
  "etag": "RIIipb4EqCurQdKD1bDie2qV1Wk",
  "timeCreated": "2022-06-03T18:58:05.971Z",
  "updated": "2022-06-03T18:58:05.977Z",
  "size": 18597,
  "md5Hash": "h+dUvs9PaSo9PXz96M511Q==",
  "crc32c": "1939809905"
}