{
  "name": "files/e.png",
  "bucket": "theserviceman-5d308.appspot.com",
  "contentType": "image/png",
  "metageneration": 1,
  "generation": 1654282943593,
  "storageClass": "STANDARD",
  "contentDisposition": "inline",
  "cacheControl": "public, max-age=3600",
  "contentEncoding": "identity",
  "downloadTokens": [
    "d4cdbb48-cda0-4d4d-b74f-5ecf2033213e"
  ],
  "etag": "Yh5vVCTacMfCQpmwsMC3V5WkeCU",
  "timeCreated": "2022-06-03T19:02:23.592Z",
  "updated": "2022-06-03T19:02:23.593Z",
  "size": 20057,
  "md5Hash": "MX0IRC5zkMdoTiBFwDV/mg==",
  "crc32c": "2137045606"
}