{
  "name": "files/Untitled.png",
  "bucket": "theserviceman-5d308.appspot.com",
  "contentType": "image/png",
  "metageneration": 1,
  "generation": 1654282543626,
  "storageClass": "STANDARD",
  "contentDisposition": "inline",
  "cacheControl": "public, max-age=3600",
  "contentEncoding": "identity",
  "downloadTokens": [
    "f1890a6e-63cf-4c94-8a68-20c3edd75616"
  ],
  "etag": "4rc9mLRwnolmaQ0Nr5C3N56iGSQ",
  "timeCreated": "2022-06-03T18:55:43.625Z",
  "updated": "2022-06-03T18:55:43.626Z",
  "size": 727,
  "md5Hash": "B7n99r8A5hcXUH578NalKg==",
  "crc32c": "2936970608"
}