{
  "name": "files/r.png",
  "bucket": "theserviceman-5d308.appspot.com",
  "contentType": "image/png",
  "metageneration": 1,
  "generation": 1654283431787,
  "storageClass": "STANDARD",
  "contentDisposition": "inline",
  "cacheControl": "public, max-age=3600",
  "contentEncoding": "identity",
  "downloadTokens": [
    "5c8f1c74-d03d-450e-8926-1d29bcdd85b7"
  ],
  "etag": "gLP2v8NUev084PnIpm01RAiaqgE",
  "timeCreated": "2022-06-03T19:10:31.786Z",
  "updated": "2022-06-03T19:10:31.787Z",
  "size": 14576,
  "md5Hash": "nh2tM5HNjZKvd9cOwTusrA==",
  "crc32c": "1343575311"
}