{"kind":"identitytoolkit#DownloadAccountResponse","users":[{"localId":"Ct1zwFh4a4U4MtsThvPbx7plQYMJ","createdAt":"1654282455032","lastLoginAt":"1654282455031","emailVerified":false,"email":"tejas@gmail.com","salt":"fakeSaltk2Fpip3nSdqtPtYTynI9","passwordHash":"fakeHash:salt=fakeSaltk2Fpip3nSdqtPtYTynI9:password=password","passwordUpdatedAt":1654282455032,"validSince":"1654282455","providerUserInfo":[{"providerId":"password","email":"tejas@gmail.com","federatedId":"tejas@gmail.com","rawId":"tejas@gmail.com"}],"lastRefreshAt":"2022-06-03T18:54:15.033Z"}]}